{"stats":{"minecraft:dropped":{"minecraft:iron_ingot":46,"minecraft:bread":178,"minecraft:wheat_seeds":15,"minecraft:crafting_table":4,"minecraft:crossbow":3,"minecraft:cobblestone":58,"minecraft:feather":1,"minecraft:book":5,"minecraft:apple":22,"minecraft:leather":4,"minecraft:leather_helmet":1,"minecraft:golden_apple":1,"minecraft:coal":36,"minecraft:stick":1,"minecraft:flint":6,"minecraft:diorite":1,"minecraft:cooked_cod":4,"minecraft:potion":1,"minecraft:iron_leggings":1,"minecraft:pumpkin_pie":17,"minecraft:white_banner":2,"minecraft:chainmail_leggings":2,"minecraft:dark_oak_planks":2,"minecraft:birch_log":7,"minecraft:pink_petals":4,"minecraft:gray_carpet":1,"minecraft:furnace":4,"minecraft:stone_axe":1,"alexsmobs:maggot":1,"minecraft:goat_horn":3,"minecraft:player_head":1,"minecraft:bowl":3,"minecraft:beetroot":20,"minecraft:rotten_flesh":7,"minecraft:damaged_anvil":1,"minecraft:cooked_mutton":7,"minecraft:carrot":33,"minecraft:chainmail_chestplate":3,"minecraft:hay_block":2,"minecraft:shield":3,"travelersbackpack:white_sleeping_bag":1,"minecraft:arrow":3,"minecraft:stone_pickaxe":3,"minecraft:bell":1,"minecraft:dark_prismarine":4},"minecraft:killed":{"minecraft:cod":6,"alexsmobs:sugar_glider":1,"minecraft:skeleton":4,"alexsmobs:bison":1,"alexsmobs:flying_fish":6,"minecraft:husk":9,"alexsmobs:skunk":1,"minecraft:creeper":2,"minecraft:sheep":4,"alexsmobs:catfish":1,"minecraft:pillager":3,"minecraft:zombie":1,"alexsmobs:fly":1,"alexsmobs:crow":1,"minecraft:villager":1,"minecraft:cow":2},"minecraft:custom":{"minecraft:mob_kills":44,"minecraft:interact_with_crafting_table":30,"minecraft:open_barrel":29,"minecraft:bell_ring":4,"minecraft:leave_game":1,"minecraft:time_since_death":1781,"minecraft:climb_one_cm":1709,"minecraft:sprint_one_cm":203405,"minecraft:walk_one_cm":117705,"minecraft:drop":74,"minecraft:talked_to_villager":1,"minecraft:play_time":64938,"minecraft:deaths":9,"minecraft:sneak_time":3838,"minecraft:walk_under_water_one_cm":13457,"minecraft:boat_one_cm":37395,"minecraft:jump":1728,"minecraft:interact_with_blast_furnace":4,"minecraft:walk_on_water_one_cm":11086,"minecraft:total_world_time":64938,"minecraft:interact_with_furnace":13,"minecraft:sleep_in_bed":3,"minecraft:time_since_rest":915,"minecraft:damage_taken":3625,"minecraft:damage_dealt":8723,"minecraft:swim_one_cm":45866,"minecraft:player_kills":1,"minecraft:fly_one_cm":278996,"minecraft:open_chest":21,"minecraft:crouch_one_cm":9536,"minecraft:fall_one_cm":52356},"minecraft:crafted":{"minecraft:oak_planks":56,"minecraft:birch_boat":1,"minecraft:furnace":1,"minecraft:cooked_mutton":1,"minecraft:stone_pickaxe":2,"minecraft:birch_door":3,"minecraft:dark_oak_planks":16,"minecraft:wheat":117,"minecraft:cooked_cod":5,"minecraft:crafting_table":3,"minecraft:wooden_pickaxe":1,"minecraft:birch_planks":36,"minecraft:stone_axe":1,"minecraft:bread":43,"minecraft:air":0,"minecraft:shield":3,"minecraft:stick":12,"minecraft:iron_ingot":2,"minecraft:stone_sword":1,"minecraft:white_bed":1,"minecraft:torch":4},"minecraft:broken":{"minecraft:stone_sword":1,"minecraft:stone_axe":1},"minecraft:used":{"minecraft:stone_sword":133,"minecraft:armor_stand":2,"minecraft:spruce_planks":5,"minecraft:chest":1,"minecraft:cooked_salmon":1,"minecraft:player_head":1,"minecraft:torch":1,"minecraft:dirt":3,"minecraft:carrot":15,"minecraft:birch_door":6,"minecraft:dark_oak_planks":18,"alexsmobs:maggot":3,"minecraft:oak_stairs":1,"minecraft:stone_brick_stairs":1,"minecraft:item_frame":1,"minecraft:beef":2,"minecraft:furnace":5,"minecraft:goat_horn":19,"minecraft:cooked_cod":3,"minecraft:light_gray_bed":2,"minecraft:iron_leggings":2,"minecraft:calcite":8,"minecraft:dark_oak_stairs":1,"alexsmobs:raw_catfish":2,"minecraft:cooked_mutton":1,"minecraft:cyan_candle":6,"minecraft:stone_pickaxe":95,"minecraft:oak_planks":43,"minecraft:leather_chestplate":3,"minecraft:birch_boat":2,"minecraft:wooden_pickaxe":7,"biomesoplenty:flowering_oak_sapling":1,"minecraft:stripped_dark_oak_log":1,"minecraft:crafting_table":11,"minecraft:mushroom_stew":2,"minecraft:blast_furnace":1,"minecraft:crossbow":4,"minecraft:white_bed":4,"alexsmobs:flying_fish":6,"minecraft:dark_prismarine":4,"minecraft:apple":1,"minecraft:bread":5,"minecraft:cyan_carpet":3,"minecraft:stone_axe":110,"minecraft:cobblestone":2,"minecraft:white_banner":1,"minecraft:cooked_porkchop":1,"minecraft:waxed_oxidized_cut_copper_stairs":2,"minecraft:birch_log":3,"minecraft:pumpkin_pie":2,"alexsmobs:animal_dictionary":2,"minecraft:chainmail_leggings":3},"minecraft:killed_by":{"minecraft:husk":2,"minecraft:player":1,"minecraft:pillager":2,"alexsmobs:tiger":4},"minecraft:picked_up":{"minecraft:charcoal":4,"minecraft:birch_door":5,"minecraft:crafting_table":26,"minecraft:wooden_pickaxe":2,"minecraft:oak_stairs":2,"minecraft:potion":5,"minecraft:stone_brick_stairs":2,"minecraft:shield":10,"minecraft:cooked_salmon":1,"minecraft:flint_and_steel":1,"minecraft:iron_leggings":7,"minecraft:item_frame":1,"minecraft:armor_stand":2,"minecraft:cyan_carpet":5,"minecraft:beetroot":60,"minecraft:spruce_planks":7,"minecraft:beef":4,"minecraft:calcite":11,"minecraft:player_head":12,"minecraft:sugar_cane":24,"minecraft:chest":2,"minecraft:furnace":21,"minecraft:stick":13,"minecraft:raw_iron":3,"minecraft:torch":9,"minecraft:bowl":2,"minecraft:diorite":1,"minecraft:carrot":133,"minecraft:goat_horn":13,"minecraft:dark_oak_planks":22,"minecraft:yellow_banner":3,"minecraft:light_gray_bed":2,"minecraft:stone_sword":4,"minecraft:arrow":14,"minecraft:rotten_flesh":26,"minecraft:cooked_cod":2,"minecraft:pumpkin_pie":57,"minecraft:waxed_oxidized_cut_copper_stairs":4,"minecraft:hay_block":29,"minecraft:stripped_dark_oak_wood":8,"minecraft:glistering_melon_slice":28,"minecraft:gold_ingot":56,"minecraft:obsidian":12,"minecraft:mutton":11,"minecraft:cobblestone":287,"minecraft:cod":5,"minecraft:white_wool":6,"alexsmobs:flying_fish":6,"minecraft:stripped_oak_log":12,"minecraft:birch_log":61,"minecraft:pink_petals":4,"minecraft:leather_chestplate":6,"minecraft:feather":1,"minecraft:leather":14,"minecraft:potato":14,"minecraft:birch_planks":4,"minecraft:mushroom_stew":2,"minecraft:flint":18,"minecraft:chainmail_chestplate":6,"minecraft:oak_log":11,"minecraft:gunpowder":6,"minecraft:dirt":5,"minecraft:lantern":4,"minecraft:white_banner":7,"minecraft:cooked_mutton":43,"minecraft:bone":31,"minecraft:apple":62,"minecraft:gray_carpet":1,"minecraft:wheat_seeds":3,"minecraft:iron_ingot":125,"minecraft:bell":6,"minecraft:stone_pickaxe":9,"minecraft:cyan_candle":6,"minecraft:iron_sword":1,"minecraft:oak_planks":50,"minecraft:flowering_azalea":1,"minecraft:dark_oak_stairs":1,"minecraft:book":279,"minecraft:oak_slab":8,"minecraft:cooked_porkchop":2,"minecraft:birch_boat":4,"minecraft:stone_brick_slab":1,"minecraft:dandelion":2,"minecraft:blast_furnace":5,"minecraft:white_bed":3,"alexsmobs:animal_dictionary":2,"minecraft:leather_helmet":5,"minecraft:dark_prismarine":24,"biomesoplenty:flowering_oak_sapling":1,"travelersbackpack:white_sleeping_bag":3,"alexsmobs:raw_catfish":4,"minecraft:stone_axe":7,"minecraft:chainmail_leggings":5,"minecraft:crossbow":12,"minecraft:golden_apple":2,"minecraft:bread":313,"alexsmobs:maggot":7,"minecraft:stripped_dark_oak_log":3,"minecraft:damaged_anvil":6,"minecraft:black_wool":2,"minecraft:coal":206},"minecraft:mined":{"minecraft:dark_oak_planks":4,"minecraft:spruce_planks":2,"minecraft:yellow_wall_banner":1,"minecraft:white_bed":3,"minecraft:ladder":1,"minecraft:grass_block":3,"biomesoplenty:flowering_oak_leaves":1,"minecraft:light_gray_bed":2,"minecraft:hay_block":16,"minecraft:black_stained_glass_pane":2,"minecraft:furnace":8,"minecraft:iron_ore":3,"minecraft:fire":1,"minecraft:stripped_dark_oak_wood":2,"minecraft:bell":1,"minecraft:bookshelf":21,"minecraft:oak_stairs":1,"minecraft:lantern":1,"minecraft:stripped_oak_log":3,"biomesoplenty:barley":35,"minecraft:stone":51,"minecraft:player_head":2,"minecraft:oak_slab":2,"minecraft:stone_brick_slab":1,"minecraft:crafting_table":10,"minecraft:blast_furnace":2,"minecraft:calcite":7,"minecraft:chest":1,"minecraft:cobblestone":1,"minecraft:tall_grass":6,"minecraft:damaged_anvil":1,"minecraft:sugar_cane":4,"minecraft:oak_planks":2,"minecraft:diorite":1,"minecraft:spruce_stairs":1,"minecraft:pink_petals":1,"minecraft:black_stained_glass":1,"minecraft:birch_log":18,"minecraft:birch_door":3,"minecraft:white_wall_banner":1,"minecraft:bee_nest":1,"minecraft:grass":11,"biomesoplenty:clover":2,"minecraft:oak_log":8,"minecraft:coal_ore":21,"minecraft:dirt":2,"minecraft:oak_leaves":4,"minecraft:cyan_candle":2}},"DataVersion":3465}