{"stats":{"minecraft:dropped":{"alexsmobs:maggot":1},"minecraft:crafted":{"minecraft:cooked_cod":3,"minecraft:crafting_table":3,"minecraft:stick":8,"minecraft:wooden_pickaxe":1,"minecraft:stone_pickaxe":1,"minecraft:stone_sword":1,"minecraft:furnace":1,"minecraft:white_bed":1,"minecraft:birch_door":3,"minecraft:birch_planks":32,"minecraft:stone_axe":1,"minecraft:air":0},"minecraft:killed":{"minecraft:sheep":4,"alexsmobs:fly":1,"minecraft:cod":6,"alexsmobs:flying_fish":6,"minecraft:creeper":2,"alexsmobs:sugar_glider":1},"minecraft:custom":{"minecraft:time_since_rest":1361,"minecraft:interact_with_furnace":2,"minecraft:sprint_one_cm":36796,"minecraft:damage_taken":180,"minecraft:walk_one_cm":14722,"minecraft:mob_kills":20,"minecraft:drop":1,"minecraft:damage_dealt":1516,"minecraft:swim_one_cm":21803,"minecraft:interact_with_crafting_table":14,"minecraft:fly_one_cm":51386,"minecraft:crouch_one_cm":1120,"minecraft:play_time":13968,"minecraft:sneak_time":992,"minecraft:walk_under_water_one_cm":7928,"minecraft:jump":256,"minecraft:time_since_death":13968,"minecraft:walk_on_water_one_cm":5714,"minecraft:sleep_in_bed":1,"minecraft:total_world_time":13968,"minecraft:fall_one_cm":8886},"minecraft:used":{"minecraft:birch_door":2,"alexsmobs:flying_fish":5,"minecraft:stone_sword":10,"minecraft:stone_pickaxe":52,"minecraft:wooden_pickaxe":7,"minecraft:stone_axe":32,"minecraft:dirt":3,"minecraft:cobblestone":1,"minecraft:crafting_table":5,"minecraft:furnace":1,"minecraft:birch_log":3,"minecraft:white_bed":1,"alexsmobs:animal_dictionary":1},"minecraft:mined":{"minecraft:white_bed":1,"minecraft:birch_log":18,"minecraft:crafting_table":2,"minecraft:grass":3,"minecraft:grass_block":1,"minecraft:coal_ore":18,"minecraft:dirt":2,"minecraft:cobblestone":1,"minecraft:stone":39,"minecraft:sugar_cane":4},"minecraft:picked_up":{"minecraft:birch_log":18,"minecraft:crafting_table":2,"minecraft:white_bed":1,"minecraft:gunpowder":2,"minecraft:dirt":3,"alexsmobs:maggot":4,"minecraft:sugar_cane":8,"minecraft:mutton":6,"minecraft:coal":16,"minecraft:cod":5,"minecraft:white_wool":4,"alexsmobs:flying_fish":6,"minecraft:cobblestone":38}},"DataVersion":3465}