{"stats":{"minecraft:dropped":{"minecraft:bread":23,"minecraft:wheat_seeds":15,"minecraft:crossbow":1,"minecraft:feather":1,"minecraft:coal":1,"minecraft:stick":1,"minecraft:diorite":1,"minecraft:cooked_cod":4,"minecraft:pink_petals":4,"minecraft:gray_carpet":1,"alexsmobs:maggot":1,"minecraft:bowl":2,"minecraft:rotten_flesh":7,"minecraft:carrot":1,"minecraft:shield":1,"minecraft:stone_pickaxe":1},"minecraft:killed":{"minecraft:cod":6,"alexsmobs:sugar_glider":1,"minecraft:skeleton":4,"alexsmobs:bison":1,"alexsmobs:flying_fish":6,"minecraft:husk":9,"alexsmobs:skunk":1,"minecraft:creeper":2,"minecraft:sheep":4,"alexsmobs:catfish":1,"minecraft:pillager":3,"alexsmobs:fly":1,"alexsmobs:crow":1,"minecraft:villager":1,"minecraft:cow":2},"minecraft:custom":{"minecraft:mob_kills":43,"minecraft:interact_with_crafting_table":30,"minecraft:open_barrel":28,"minecraft:bell_ring":4,"minecraft:time_since_death":7677,"minecraft:climb_one_cm":1709,"minecraft:sprint_one_cm":171671,"minecraft:walk_one_cm":95787,"minecraft:drop":23,"minecraft:talked_to_villager":1,"minecraft:play_time":49968,"minecraft:deaths":4,"minecraft:sneak_time":3187,"minecraft:walk_under_water_one_cm":11657,"minecraft:boat_one_cm":37395,"minecraft:jump":1243,"minecraft:interact_with_blast_furnace":3,"minecraft:walk_on_water_one_cm":9398,"minecraft:total_world_time":49968,"minecraft:interact_with_furnace":13,"minecraft:sleep_in_bed":2,"minecraft:time_since_rest":7700,"minecraft:damage_taken":2153,"minecraft:damage_dealt":8421,"minecraft:swim_one_cm":27248,"minecraft:fly_one_cm":230839,"minecraft:open_chest":15,"minecraft:crouch_one_cm":7558,"minecraft:fall_one_cm":43170},"minecraft:crafted":{"minecraft:oak_planks":44,"minecraft:birch_boat":1,"minecraft:furnace":1,"minecraft:cooked_mutton":1,"minecraft:stone_pickaxe":2,"minecraft:birch_door":3,"minecraft:dark_oak_planks":8,"minecraft:wheat":117,"minecraft:cooked_cod":5,"minecraft:crafting_table":3,"minecraft:wooden_pickaxe":1,"minecraft:birch_planks":36,"minecraft:stone_axe":1,"minecraft:bread":43,"minecraft:air":0,"minecraft:shield":3,"minecraft:stick":12,"minecraft:iron_ingot":2,"minecraft:stone_sword":1,"minecraft:white_bed":1,"minecraft:torch":4},"minecraft:broken":{"minecraft:stone_sword":1,"minecraft:stone_axe":1},"minecraft:used":{"minecraft:stone_sword":133,"minecraft:armor_stand":1,"minecraft:spruce_planks":5,"minecraft:chest":1,"minecraft:player_head":1,"minecraft:torch":1,"minecraft:dirt":3,"minecraft:carrot":13,"minecraft:birch_door":6,"minecraft:dark_oak_planks":8,"alexsmobs:maggot":3,"minecraft:oak_stairs":1,"minecraft:stone_brick_stairs":1,"minecraft:item_frame":1,"minecraft:beef":2,"minecraft:furnace":5,"minecraft:goat_horn":14,"minecraft:cooked_cod":3,"minecraft:iron_leggings":2,"minecraft:calcite":5,"minecraft:dark_oak_stairs":1,"alexsmobs:raw_catfish":2,"minecraft:cooked_mutton":1,"minecraft:cyan_candle":3,"minecraft:stone_pickaxe":91,"minecraft:oak_planks":35,"minecraft:leather_chestplate":2,"minecraft:birch_boat":2,"minecraft:wooden_pickaxe":7,"biomesoplenty:flowering_oak_sapling":1,"minecraft:crafting_table":11,"minecraft:mushroom_stew":2,"minecraft:blast_furnace":1,"minecraft:crossbow":1,"minecraft:white_bed":4,"alexsmobs:flying_fish":6,"minecraft:apple":1,"minecraft:bread":5,"minecraft:cyan_carpet":1,"minecraft:stone_axe":106,"minecraft:cobblestone":2,"minecraft:white_banner":1,"minecraft:cooked_porkchop":1,"minecraft:birch_log":3,"alexsmobs:animal_dictionary":2},"minecraft:killed_by":{"minecraft:husk":2,"minecraft:pillager":2},"minecraft:mined":{"minecraft:spruce_planks":2,"minecraft:yellow_wall_banner":1,"minecraft:white_bed":3,"minecraft:ladder":1,"minecraft:grass_block":1,"biomesoplenty:flowering_oak_leaves":1,"minecraft:hay_block":16,"minecraft:black_stained_glass_pane":2,"minecraft:furnace":5,"minecraft:iron_ore":3,"minecraft:stripped_dark_oak_wood":2,"minecraft:bell":1,"minecraft:bookshelf":21,"minecraft:oak_stairs":1,"minecraft:lantern":1,"minecraft:stripped_oak_log":3,"biomesoplenty:barley":35,"minecraft:stone":51,"minecraft:player_head":2,"minecraft:oak_slab":2,"minecraft:stone_brick_slab":1,"minecraft:crafting_table":9,"minecraft:blast_furnace":1,"minecraft:calcite":7,"minecraft:chest":1,"minecraft:cobblestone":1,"minecraft:tall_grass":6,"minecraft:damaged_anvil":1,"minecraft:sugar_cane":4,"minecraft:oak_planks":2,"minecraft:diorite":1,"minecraft:spruce_stairs":1,"minecraft:pink_petals":1,"minecraft:black_stained_glass":1,"minecraft:birch_log":18,"minecraft:birch_door":3,"minecraft:white_wall_banner":1,"minecraft:bee_nest":1,"minecraft:grass":9,"biomesoplenty:clover":2,"minecraft:oak_log":8,"minecraft:coal_ore":21,"minecraft:dirt":2,"minecraft:oak_leaves":4,"minecraft:cyan_candle":1},"minecraft:picked_up":{"minecraft:birch_door":5,"minecraft:crafting_table":17,"minecraft:wooden_pickaxe":2,"minecraft:oak_stairs":2,"minecraft:stone_brick_stairs":2,"minecraft:shield":2,"minecraft:cooked_salmon":1,"minecraft:iron_leggings":3,"minecraft:item_frame":1,"minecraft:armor_stand":2,"minecraft:cyan_carpet":5,"minecraft:spruce_planks":7,"minecraft:beef":4,"minecraft:calcite":5,"minecraft:player_head":5,"minecraft:sugar_cane":24,"minecraft:chest":2,"minecraft:furnace":6,"minecraft:stick":8,"minecraft:raw_iron":3,"minecraft:torch":6,"minecraft:bowl":1,"minecraft:diorite":1,"minecraft:carrot":38,"minecraft:goat_horn":4,"minecraft:yellow_banner":3,"minecraft:stone_sword":4,"minecraft:arrow":4,"minecraft:rotten_flesh":18,"minecraft:cooked_cod":2,"minecraft:pumpkin_pie":6,"minecraft:hay_block":19,"minecraft:stripped_dark_oak_wood":2,"minecraft:gold_ingot":12,"minecraft:obsidian":4,"minecraft:mutton":11,"minecraft:cobblestone":113,"minecraft:cod":5,"minecraft:white_wool":6,"alexsmobs:flying_fish":6,"minecraft:stripped_oak_log":12,"minecraft:birch_log":33,"minecraft:pink_petals":4,"minecraft:leather_chestplate":3,"minecraft:feather":1,"minecraft:leather":4,"minecraft:birch_planks":4,"minecraft:mushroom_stew":2,"minecraft:oak_log":11,"minecraft:gunpowder":6,"minecraft:dirt":3,"minecraft:lantern":4,"minecraft:white_banner":4,"minecraft:cooked_mutton":5,"minecraft:bone":17,"minecraft:gray_carpet":1,"minecraft:wheat_seeds":3,"minecraft:bell":2,"minecraft:stone_pickaxe":4,"minecraft:cyan_candle":3,"minecraft:oak_planks":42,"minecraft:flowering_azalea":1,"minecraft:dark_oak_stairs":1,"minecraft:book":195,"minecraft:oak_slab":8,"minecraft:cooked_porkchop":2,"minecraft:birch_boat":4,"minecraft:stone_brick_slab":1,"minecraft:dandelion":2,"minecraft:blast_furnace":1,"minecraft:white_bed":3,"alexsmobs:animal_dictionary":2,"biomesoplenty:flowering_oak_sapling":1,"alexsmobs:raw_catfish":4,"minecraft:stone_axe":4,"minecraft:crossbow":5,"minecraft:bread":48,"alexsmobs:maggot":7,"minecraft:damaged_anvil":3,"minecraft:black_wool":2,"minecraft:coal":52}},"DataVersion":3465}