{"stats":{"minecraft:dropped":{"minecraft:bread":23,"alexsmobs:maggot":1,"minecraft:wheat_seeds":15,"minecraft:crossbow":1,"minecraft:feather":1,"minecraft:carrot":1,"minecraft:coal":1,"minecraft:stick":1,"minecraft:shield":1,"minecraft:cooked_cod":4,"minecraft:stone_pickaxe":1,"minecraft:pink_petals":4,"minecraft:gray_carpet":1},"minecraft:killed":{"alexsmobs:skunk":1,"minecraft:cod":6,"minecraft:creeper":2,"alexsmobs:sugar_glider":1,"minecraft:sheep":4,"alexsmobs:catfish":1,"minecraft:pillager":3,"alexsmobs:crow":1,"alexsmobs:bison":1,"alexsmobs:fly":1,"minecraft:villager":1,"alexsmobs:flying_fish":6,"minecraft:cow":2},"minecraft:crafted":{"minecraft:cooked_cod":5,"minecraft:oak_planks":32,"minecraft:crafting_table":3,"minecraft:wooden_pickaxe":1,"minecraft:birch_boat":1,"minecraft:furnace":1,"minecraft:birch_planks":36,"minecraft:stone_axe":1,"minecraft:bread":43,"minecraft:cooked_mutton":1,"minecraft:air":0,"minecraft:shield":2,"minecraft:iron_ingot":2,"minecraft:stick":8,"minecraft:stone_pickaxe":2,"minecraft:stone_sword":1,"minecraft:white_bed":1,"minecraft:birch_door":3,"minecraft:wheat":117},"minecraft:custom":{"minecraft:interact_with_furnace":13,"minecraft:mob_kills":30,"minecraft:interact_with_crafting_table":26,"minecraft:open_barrel":19,"minecraft:bell_ring":4,"minecraft:time_since_death":12649,"minecraft:sleep_in_bed":2,"minecraft:climb_one_cm":953,"minecraft:time_since_rest":11704,"minecraft:sprint_one_cm":122693,"minecraft:damage_taken":1103,"minecraft:walk_one_cm":54241,"minecraft:drop":19,"minecraft:damage_dealt":3471,"minecraft:talked_to_villager":1,"minecraft:swim_one_cm":27248,"minecraft:fly_one_cm":225726,"minecraft:open_chest":9,"minecraft:crouch_one_cm":5978,"minecraft:play_time":37968,"minecraft:deaths":2,"minecraft:sneak_time":2303,"minecraft:walk_under_water_one_cm":11657,"minecraft:boat_one_cm":37395,"minecraft:jump":1036,"minecraft:interact_with_blast_furnace":1,"minecraft:walk_on_water_one_cm":9398,"minecraft:total_world_time":37968,"minecraft:fall_one_cm":41723},"minecraft:used":{"alexsmobs:raw_catfish":2,"minecraft:cooked_mutton":1,"minecraft:stone_sword":29,"minecraft:stone_pickaxe":80,"minecraft:oak_planks":29,"minecraft:chest":1,"minecraft:wooden_pickaxe":7,"minecraft:birch_boat":2,"biomesoplenty:flowering_oak_sapling":1,"minecraft:player_head":1,"minecraft:dirt":3,"minecraft:crafting_table":10,"minecraft:blast_furnace":1,"minecraft:carrot":13,"minecraft:white_bed":3,"minecraft:birch_door":4,"alexsmobs:flying_fish":6,"alexsmobs:maggot":3,"minecraft:bread":1,"minecraft:oak_stairs":1,"minecraft:stone_brick_stairs":1,"minecraft:stone_axe":78,"minecraft:cobblestone":2,"minecraft:beef":2,"minecraft:white_banner":1,"minecraft:goat_horn":14,"minecraft:furnace":5,"minecraft:cooked_cod":3,"minecraft:birch_log":3,"alexsmobs:animal_dictionary":2},"minecraft:killed_by":{"minecraft:pillager":2},"minecraft:mined":{"minecraft:oak_slab":2,"minecraft:white_bed":2,"minecraft:stone_brick_slab":1,"minecraft:crafting_table":8,"minecraft:blast_furnace":1,"minecraft:grass_block":1,"minecraft:chest":1,"biomesoplenty:flowering_oak_leaves":1,"minecraft:tall_grass":6,"minecraft:cobblestone":1,"minecraft:oak_planks":2,"minecraft:sugar_cane":4,"minecraft:pink_petals":1,"minecraft:hay_block":13,"minecraft:furnace":5,"minecraft:birch_log":18,"minecraft:iron_ore":3,"minecraft:birch_door":1,"minecraft:bee_nest":1,"biomesoplenty:clover":2,"minecraft:bell":1,"minecraft:oak_stairs":1,"minecraft:grass":9,"minecraft:coal_ore":21,"minecraft:oak_log":8,"minecraft:lantern":1,"minecraft:dirt":2,"minecraft:stripped_oak_log":3,"biomesoplenty:barley":35,"minecraft:stone":51,"minecraft:player_head":2,"minecraft:oak_leaves":4},"minecraft:picked_up":{"minecraft:stripped_oak_log":6,"minecraft:birch_log":33,"minecraft:pink_petals":4,"minecraft:crafting_table":13,"minecraft:birch_door":3,"minecraft:feather":1,"minecraft:leather":4,"minecraft:wooden_pickaxe":2,"minecraft:oak_stairs":2,"minecraft:birch_planks":4,"minecraft:stone_brick_stairs":2,"minecraft:oak_log":11,"minecraft:gunpowder":6,"minecraft:dirt":3,"minecraft:lantern":4,"minecraft:white_banner":3,"minecraft:cooked_mutton":5,"minecraft:gray_carpet":1,"minecraft:wheat_seeds":3,"minecraft:bell":2,"minecraft:stone_pickaxe":2,"minecraft:beef":4,"minecraft:player_head":2,"minecraft:sugar_cane":24,"minecraft:chest":2,"minecraft:flowering_azalea":1,"minecraft:oak_planks":22,"minecraft:furnace":6,"minecraft:oak_slab":8,"minecraft:stick":2,"minecraft:raw_iron":3,"minecraft:birch_boat":4,"minecraft:stone_brick_slab":1,"minecraft:dandelion":2,"minecraft:blast_furnace":1,"minecraft:carrot":38,"minecraft:white_bed":2,"biomesoplenty:flowering_oak_sapling":1,"minecraft:goat_horn":4,"alexsmobs:animal_dictionary":2,"minecraft:stone_sword":2,"alexsmobs:raw_catfish":4,"minecraft:cooked_cod":2,"minecraft:stone_axe":2,"minecraft:hay_block":13,"minecraft:crossbow":3,"alexsmobs:maggot":7,"minecraft:black_wool":2,"minecraft:mutton":11,"minecraft:cod":5,"minecraft:coal":44,"alexsmobs:flying_fish":6,"minecraft:white_wool":6,"minecraft:cobblestone":113}},"DataVersion":3465}