{"stats":{"minecraft:dropped":{"minecraft:oak_slab":1,"minecraft:oak_log":3,"minecraft:crafting_table":4,"minecraft:dark_oak_slab":1,"minecraft:dark_oak_trapdoor":2,"minecraft:wooden_axe":1,"minecraft:mangrove_slab":2,"minecraft:stone_brick_slab":1,"minecraft:dandelion":1,"minecraft:bone":2,"minecraft:armor_stand":1,"minecraft:nether_brick_slab":1,"minecraft:goat_horn":2,"minecraft:player_head":1,"minecraft:bowl":2,"minecraft:oak_planks":7,"minecraft:carrot":19,"minecraft:birch_boat":1,"minecraft:red_nether_bricks":3,"minecraft:stone_brick_stairs":1,"minecraft:black_wool":1},"minecraft:killed":{"alexsmobs:raccoon":2,"minecraft:skeleton":7,"minecraft:husk":6,"minecraft:sheep":5,"minecraft:pillager":3,"minecraft:zombie":3,"alexsmobs:fly":1},"minecraft:custom":{"minecraft:mob_kills":28,"minecraft:interact_with_crafting_table":16,"minecraft:open_barrel":10,"minecraft:time_since_death":1424,"minecraft:leave_game":10,"minecraft:climb_one_cm":3946,"minecraft:sprint_one_cm":137412,"minecraft:walk_one_cm":242435,"minecraft:drop":26,"minecraft:play_time":100213,"minecraft:deaths":8,"minecraft:sneak_time":6373,"minecraft:walk_under_water_one_cm":4515,"minecraft:boat_one_cm":39703,"minecraft:jump":1247,"minecraft:walk_on_water_one_cm":2127,"minecraft:total_world_time":100213,"minecraft:interact_with_furnace":5,"minecraft:sleep_in_bed":1,"minecraft:time_since_rest":1448,"minecraft:damage_taken":2846,"minecraft:damage_dealt":5745,"minecraft:swim_one_cm":3275,"minecraft:fly_one_cm":647313,"minecraft:open_chest":15,"minecraft:crouch_one_cm":16032,"minecraft:aviate_one_cm":496491,"minecraft:fall_one_cm":35345},"minecraft:crafted":{"minecraft:oak_planks":24,"minecraft:furnace":1,"minecraft:cooked_mutton":4,"travelersbackpack:white_sleeping_bag":1,"minecraft:stone_pickaxe":1,"minecraft:dark_oak_planks":8,"minecraft:crafting_table":2,"minecraft:wooden_pickaxe":1,"minecraft:mangrove_planks":8,"minecraft:birch_planks":56,"minecraft:stone_axe":2,"minecraft:air":0,"minecraft:shield":1,"minecraft:stick":16,"minecraft:wooden_axe":1},"minecraft:used":{"minecraft:elytra":1,"minecraft:iron_sword":74,"minecraft:dirt":33,"minecraft:spruce_stairs":1,"minecraft:obsidian":2,"minecraft:dark_oak_planks":4,"minecraft:wooden_axe":35,"minecraft:stone_brick_slab":1,"minecraft:grass_block":2,"minecraft:furnace":1,"minecraft:goat_horn":5,"minecraft:cooked_cod":2,"minecraft:egg":1,"minecraft:potato":5,"minecraft:calcite":15,"minecraft:cooked_mutton":1,"minecraft:birch_planks":14,"minecraft:stone_pickaxe":65,"minecraft:mangrove_planks":8,"minecraft:wooden_pickaxe":7,"minecraft:cookie":4,"minecraft:stripped_mangrove_wood":1,"minecraft:crafting_table":4,"minecraft:mushroom_stew":1,"minecraft:crossbow":2,"minecraft:apple":1,"minecraft:firework_rocket":69,"minecraft:bread":6,"travelersbackpack:white_sleeping_bag":1,"minecraft:stone_axe":56,"alexsmobs:animal_dictionary":1,"minecraft:stripped_oak_log":1},"minecraft:killed_by":{"minecraft:husk":1,"minecraft:pillager":1,"alexsmobs:bison":1,"minecraft:skeleton":2},"minecraft:mined":{"minecraft:dark_oak_planks":4,"minecraft:dark_prismarine":8,"minecraft:spruce_planks":8,"minecraft:dark_oak_leaves":8,"minecraft:dark_oak_log":1,"minecraft:red_nether_bricks":3,"minecraft:grass_block":39,"biomesoplenty:flowering_oak_leaves":1,"travelersbackpack:white_sleeping_bag":1,"minecraft:spawner":3,"minecraft:black_stained_glass_pane":2,"minecraft:hay_block":7,"minecraft:dark_oak_trapdoor":2,"minecraft:fire":16,"minecraft:stripped_dark_oak_wood":2,"minecraft:dark_oak_stairs":1,"minecraft:bookshelf":2,"biomesoplenty:high_grass":1,"minecraft:cobblestone_slab":1,"minecraft:stripped_oak_log":1,"biomesoplenty:barley":1,"minecraft:stone":22,"minecraft:stripped_mangrove_wood":4,"minecraft:player_head":1,"minecraft:oak_slab":1,"minecraft:stripped_dark_oak_log":2,"minecraft:dandelion":1,"minecraft:crafting_table":5,"minecraft:calcite":16,"minecraft:nether_brick_slab":1,"minecraft:campfire":2,"biomesoplenty:high_grass_plant":2,"minecraft:copper_ore":1,"minecraft:oak_planks":7,"minecraft:black_stained_glass":1,"minecraft:dark_oak_slab":1,"minecraft:birch_log":15,"biomesoplenty:pink_daffodil":1,"minecraft:waxed_oxidized_cut_copper_stairs":3,"minecraft:birch_leaves":1,"minecraft:stone_brick_stairs":2,"minecraft:red_wall_banner":1,"minecraft:grass":4,"minecraft:mangrove_slab":1,"minecraft:coal_ore":7,"minecraft:oak_log":9,"minecraft:cyan_carpet":2,"minecraft:dirt":12},"minecraft:picked_up":{"minecraft:wooden_axe":4,"minecraft:charcoal":24,"minecraft:crafting_table":9,"minecraft:wheat":4,"minecraft:chainmail_boots":1,"minecraft:stone_brick_stairs":2,"minecraft:shield":5,"minecraft:dark_oak_trapdoor":8,"minecraft:raw_copper":5,"minecraft:red_nether_bricks":9,"minecraft:armor_stand":1,"minecraft:experience_bottle":6,"minecraft:beef":53,"minecraft:cobblestone_slab":5,"minecraft:player_head":3,"minecraft:calcite":28,"alexsmobs:raccoon_tail":1,"minecraft:egg":2,"minecraft:stick":8,"minecraft:stripped_mangrove_wood":3,"minecraft:bowl":5,"minecraft:spruce_stairs":1,"minecraft:cookie":4,"minecraft:carrot":40,"minecraft:goat_horn":7,"minecraft:dark_oak_planks":12,"minecraft:arrow":3,"minecraft:rotten_flesh":33,"minecraft:cooked_cod":6,"minecraft:pumpkin_pie":24,"minecraft:waxed_oxidized_cut_copper_stairs":6,"minecraft:hay_block":14,"minecraft:stripped_dark_oak_wood":6,"minecraft:gold_ingot":25,"minecraft:glistering_melon_slice":24,"minecraft:mutton":35,"minecraft:obsidian":2,"minecraft:white_wool":10,"minecraft:cobblestone":26,"minecraft:stripped_oak_log":2,"minecraft:birch_log":14,"minecraft:tripwire_hook":8,"minecraft:potato":18,"minecraft:birch_planks":29,"minecraft:mushroom_stew":5,"minecraft:flint":18,"minecraft:oak_log":15,"minecraft:chainmail_chestplate":3,"minecraft:mangrove_slab":2,"minecraft:dirt":48,"minecraft:white_banner":5,"minecraft:cooked_mutton":12,"minecraft:bone":2,"minecraft:apple":18,"minecraft:stone_pickaxe":7,"minecraft:iron_ingot":48,"minecraft:oak_planks":14,"minecraft:iron_sword":4,"minecraft:dark_oak_stairs":1,"minecraft:oak_slab":2,"minecraft:dark_oak_slab":3,"minecraft:birch_boat":1,"minecraft:stone_brick_slab":2,"minecraft:dandelion":2,"minecraft:red_banner":1,"minecraft:nether_brick_slab":3,"minecraft:dark_oak_log":29,"minecraft:leather_helmet":3,"minecraft:dark_prismarine":16,"travelersbackpack:white_sleeping_bag":3,"minecraft:stone_axe":4,"minecraft:chainmail_leggings":3,"minecraft:crossbow":6,"minecraft:golden_apple":5,"minecraft:bread":120,"biomesoplenty:pink_daffodil":1,"minecraft:black_wool":3,"minecraft:stripped_dark_oak_log":4,"minecraft:coal":24}},"DataVersion":3465}