{"stats":{"minecraft:dropped":{"minecraft:oak_slab":1,"minecraft:goat_horn":2,"minecraft:oak_log":3,"minecraft:crafting_table":3,"minecraft:oak_planks":7,"minecraft:carrot":19,"minecraft:wooden_axe":1,"minecraft:birch_boat":1,"minecraft:stone_brick_stairs":1,"minecraft:dandelion":1,"minecraft:black_wool":1,"minecraft:stone_brick_slab":1},"minecraft:killed":{"alexsmobs:raccoon":2,"minecraft:sheep":5,"minecraft:pillager":3,"minecraft:zombie":3,"alexsmobs:fly":1},"minecraft:crafted":{"minecraft:oak_planks":24,"minecraft:crafting_table":2,"minecraft:wooden_pickaxe":1,"minecraft:furnace":1,"minecraft:birch_planks":56,"minecraft:stone_axe":2,"minecraft:cooked_mutton":4,"minecraft:air":0,"travelersbackpack:white_sleeping_bag":1,"minecraft:shield":1,"minecraft:stick":16,"minecraft:stone_pickaxe":1,"minecraft:wooden_axe":1,"minecraft:dark_oak_planks":4},"minecraft:custom":{"minecraft:interact_with_furnace":5,"minecraft:mob_kills":15,"minecraft:interact_with_crafting_table":16,"minecraft:open_barrel":6,"minecraft:leave_game":10,"minecraft:time_since_death":14182,"minecraft:sleep_in_bed":1,"minecraft:climb_one_cm":2537,"minecraft:time_since_rest":11704,"minecraft:sprint_one_cm":122253,"minecraft:damage_taken":1411,"minecraft:walk_one_cm":188186,"minecraft:drop":13,"minecraft:damage_dealt":2331,"minecraft:swim_one_cm":3275,"minecraft:fly_one_cm":646376,"minecraft:open_chest":12,"minecraft:crouch_one_cm":14200,"minecraft:play_time":88213,"minecraft:deaths":4,"minecraft:sneak_time":5322,"minecraft:walk_under_water_one_cm":4515,"minecraft:boat_one_cm":39703,"minecraft:aviate_one_cm":496491,"minecraft:jump":1148,"minecraft:walk_on_water_one_cm":2108,"minecraft:total_world_time":88213,"minecraft:fall_one_cm":33742},"minecraft:used":{"minecraft:cooked_mutton":1,"minecraft:birch_planks":14,"minecraft:stone_pickaxe":31,"minecraft:elytra":1,"minecraft:wooden_pickaxe":7,"minecraft:cookie":4,"minecraft:dirt":33,"minecraft:crafting_table":4,"minecraft:mushroom_stew":1,"minecraft:crossbow":2,"minecraft:obsidian":2,"minecraft:stone_brick_slab":1,"minecraft:wooden_axe":35,"minecraft:firework_rocket":69,"minecraft:bread":3,"minecraft:grass_block":2,"travelersbackpack:white_sleeping_bag":1,"minecraft:stone_axe":25,"minecraft:cooked_cod":2,"minecraft:goat_horn":5,"minecraft:furnace":1,"alexsmobs:animal_dictionary":1,"minecraft:egg":1,"minecraft:potato":5},"minecraft:killed_by":{"minecraft:pillager":1,"alexsmobs:bison":1},"minecraft:mined":{"minecraft:oak_slab":1,"minecraft:dark_oak_leaves":8,"minecraft:dark_oak_log":1,"minecraft:dandelion":1,"minecraft:crafting_table":5,"minecraft:grass_block":39,"minecraft:calcite":1,"biomesoplenty:flowering_oak_leaves":1,"minecraft:campfire":2,"biomesoplenty:high_grass_plant":2,"travelersbackpack:white_sleeping_bag":1,"minecraft:copper_ore":1,"minecraft:oak_planks":7,"minecraft:hay_block":7,"minecraft:birch_log":15,"minecraft:fire":16,"biomesoplenty:pink_daffodil":1,"minecraft:birch_leaves":1,"minecraft:dark_oak_stairs":1,"minecraft:red_wall_banner":1,"minecraft:stone_brick_stairs":2,"minecraft:grass":4,"minecraft:cobblestone_slab":1,"minecraft:oak_log":9,"minecraft:coal_ore":7,"biomesoplenty:high_grass":1,"minecraft:dirt":12,"minecraft:stripped_oak_log":1,"biomesoplenty:barley":1,"minecraft:stone":22,"minecraft:player_head":1},"minecraft:picked_up":{"minecraft:wooden_axe":3,"minecraft:stripped_oak_log":1,"minecraft:birch_log":14,"minecraft:wheat":4,"minecraft:charcoal":8,"minecraft:crafting_table":7,"minecraft:chainmail_boots":1,"minecraft:tripwire_hook":4,"minecraft:potato":6,"minecraft:birch_planks":22,"minecraft:mushroom_stew":1,"minecraft:stone_brick_stairs":2,"minecraft:oak_log":15,"minecraft:shield":1,"minecraft:dirt":48,"minecraft:white_banner":1,"minecraft:raw_copper":5,"minecraft:experience_bottle":3,"minecraft:beef":17,"minecraft:stone_pickaxe":3,"minecraft:calcite":1,"minecraft:player_head":1,"minecraft:cobblestone_slab":1,"alexsmobs:raccoon_tail":1,"minecraft:oak_planks":14,"minecraft:dark_oak_stairs":1,"minecraft:egg":2,"minecraft:oak_slab":2,"minecraft:birch_boat":1,"minecraft:stone_brick_slab":2,"minecraft:dandelion":2,"minecraft:red_banner":1,"minecraft:cookie":4,"minecraft:carrot":19,"minecraft:dark_oak_log":15,"minecraft:goat_horn":3,"travelersbackpack:white_sleeping_bag":1,"minecraft:arrow":1,"minecraft:rotten_flesh":2,"minecraft:cooked_cod":6,"minecraft:hay_block":7,"minecraft:crossbow":2,"minecraft:golden_apple":1,"minecraft:bread":23,"biomesoplenty:pink_daffodil":1,"minecraft:black_wool":3,"minecraft:mutton":35,"minecraft:coal":18,"minecraft:white_wool":10,"minecraft:cobblestone":26}},"DataVersion":3465}