{"stats":{"minecraft:dropped":{"minecraft:oak_slab":1,"minecraft:oak_log":3,"minecraft:crafting_table":7,"minecraft:dark_oak_slab":2,"minecraft:dark_oak_trapdoor":4,"minecraft:wooden_axe":1,"minecraft:dark_oak_planks":6,"minecraft:mangrove_slab":2,"minecraft:stone_brick_slab":1,"minecraft:dandelion":1,"minecraft:bone":2,"minecraft:armor_stand":1,"minecraft:nether_brick_slab":1,"minecraft:goat_horn":2,"minecraft:player_head":1,"minecraft:bowl":3,"minecraft:oak_planks":7,"minecraft:carrot":19,"minecraft:cobblestone_slab":1,"minecraft:birch_boat":1,"minecraft:red_nether_bricks":3,"minecraft:stone_brick_stairs":1,"minecraft:black_wool":1},"minecraft:killed":{"alexsmobs:tiger":1,"alexsmobs:raccoon":2,"minecraft:skeleton":7,"minecraft:husk":6,"minecraft:sheep":5,"minecraft:pillager":3,"minecraft:zombie":3,"alexsmobs:fly":1},"minecraft:custom":{"minecraft:mob_kills":29,"minecraft:interact_with_crafting_table":17,"minecraft:open_barrel":10,"minecraft:time_since_death":1585,"minecraft:leave_game":11,"minecraft:climb_one_cm":3946,"minecraft:sprint_one_cm":166437,"minecraft:walk_one_cm":282876,"minecraft:drop":32,"minecraft:play_time":115228,"minecraft:deaths":13,"minecraft:sneak_time":7150,"minecraft:walk_under_water_one_cm":9049,"minecraft:boat_one_cm":39703,"minecraft:jump":1693,"minecraft:walk_on_water_one_cm":7130,"minecraft:total_world_time":115228,"minecraft:interact_with_furnace":5,"minecraft:sleep_in_bed":3,"minecraft:time_since_rest":44,"minecraft:damage_taken":4394,"minecraft:damage_dealt":6318,"minecraft:swim_one_cm":23892,"minecraft:fly_one_cm":680043,"minecraft:player_kills":1,"minecraft:open_chest":24,"minecraft:crouch_one_cm":18948,"minecraft:aviate_one_cm":496491,"minecraft:fall_one_cm":42781},"minecraft:crafted":{"minecraft:oak_planks":24,"minecraft:furnace":1,"minecraft:cooked_mutton":4,"travelersbackpack:white_sleeping_bag":1,"minecraft:stone_pickaxe":1,"minecraft:chest":1,"minecraft:dark_oak_planks":8,"minecraft:crafting_table":2,"minecraft:wooden_pickaxe":1,"minecraft:mangrove_planks":8,"minecraft:birch_planks":56,"minecraft:stone_axe":2,"minecraft:air":0,"minecraft:shield":1,"minecraft:stick":16,"minecraft:wooden_axe":1},"minecraft:used":{"minecraft:flint_and_steel":14,"minecraft:elytra":1,"minecraft:chest":1,"minecraft:iron_sword":81,"minecraft:dirt":36,"minecraft:chainmail_chestplate":1,"minecraft:spruce_stairs":1,"minecraft:obsidian":2,"minecraft:dark_oak_planks":4,"minecraft:wooden_axe":35,"minecraft:stone_brick_slab":1,"minecraft:grass_block":2,"minecraft:furnace":1,"minecraft:goat_horn":14,"minecraft:cooked_cod":2,"minecraft:egg":2,"minecraft:potato":5,"minecraft:calcite":15,"minecraft:cooked_mutton":1,"minecraft:birch_planks":14,"minecraft:stone_pickaxe":66,"minecraft:mangrove_planks":8,"minecraft:wooden_pickaxe":7,"minecraft:cookie":4,"minecraft:stripped_mangrove_wood":1,"minecraft:crafting_table":5,"minecraft:mushroom_stew":2,"minecraft:crossbow":2,"minecraft:apple":1,"minecraft:firework_rocket":69,"minecraft:bread":8,"travelersbackpack:white_sleeping_bag":1,"minecraft:stone_axe":57,"minecraft:white_banner":1,"alexsmobs:animal_dictionary":1,"minecraft:stripped_oak_log":1},"minecraft:killed_by":{"minecraft:husk":1,"minecraft:player":1,"minecraft:pillager":1,"alexsmobs:bison":1,"alexsmobs:tiger":4,"minecraft:skeleton":2},"minecraft:mined":{"minecraft:dark_oak_planks":4,"minecraft:dark_prismarine":8,"minecraft:spruce_planks":8,"minecraft:dark_oak_leaves":8,"minecraft:dark_oak_log":1,"minecraft:red_nether_bricks":3,"minecraft:grass_block":43,"biomesoplenty:flowering_oak_leaves":1,"travelersbackpack:white_sleeping_bag":1,"minecraft:spawner":3,"minecraft:black_stained_glass_pane":4,"minecraft:hay_block":7,"minecraft:dark_oak_trapdoor":2,"minecraft:fire":20,"minecraft:stripped_dark_oak_wood":2,"minecraft:dark_oak_stairs":1,"minecraft:bookshelf":2,"biomesoplenty:high_grass":1,"minecraft:cobblestone_slab":1,"minecraft:stripped_oak_log":1,"biomesoplenty:barley":1,"minecraft:stone":22,"minecraft:stripped_mangrove_wood":4,"minecraft:player_head":1,"minecraft:oak_slab":1,"minecraft:stripped_dark_oak_log":2,"minecraft:dandelion":1,"minecraft:crafting_table":5,"minecraft:calcite":17,"minecraft:nether_brick_slab":1,"minecraft:campfire":2,"biomesoplenty:high_grass_plant":2,"minecraft:copper_ore":1,"minecraft:oak_planks":7,"minecraft:black_stained_glass":1,"minecraft:dark_oak_slab":1,"minecraft:birch_log":15,"biomesoplenty:pink_daffodil":1,"minecraft:waxed_oxidized_cut_copper_stairs":3,"minecraft:birch_leaves":1,"minecraft:stone_brick_stairs":2,"minecraft:red_wall_banner":1,"minecraft:grass":8,"minecraft:mangrove_slab":1,"minecraft:coal_ore":7,"minecraft:oak_log":9,"minecraft:cyan_carpet":2,"minecraft:dirt":13},"minecraft:picked_up":{"minecraft:wooden_axe":4,"minecraft:charcoal":32,"minecraft:crafting_table":24,"minecraft:wheat":4,"minecraft:chainmail_boots":1,"minecraft:potion":3,"minecraft:stone_brick_stairs":2,"minecraft:shield":9,"minecraft:dark_oak_trapdoor":8,"minecraft:raw_copper":5,"minecraft:flint_and_steel":3,"minecraft:red_nether_bricks":9,"minecraft:iron_leggings":2,"minecraft:armor_stand":1,"minecraft:experience_bottle":6,"minecraft:beetroot":60,"minecraft:beef":53,"minecraft:cobblestone_slab":5,"minecraft:player_head":5,"minecraft:calcite":35,"alexsmobs:raccoon_tail":1,"minecraft:furnace":12,"minecraft:egg":3,"minecraft:stick":21,"minecraft:stripped_mangrove_wood":3,"minecraft:torch":3,"minecraft:bowl":5,"minecraft:spruce_stairs":1,"minecraft:cookie":4,"minecraft:carrot":135,"minecraft:goat_horn":16,"minecraft:dark_oak_planks":26,"minecraft:arrow":9,"minecraft:rotten_flesh":33,"minecraft:cooked_cod":6,"minecraft:pumpkin_pie":75,"minecraft:waxed_oxidized_cut_copper_stairs":8,"minecraft:hay_block":18,"minecraft:stripped_dark_oak_wood":8,"minecraft:gold_ingot":69,"minecraft:glistering_melon_slice":36,"minecraft:mutton":35,"minecraft:obsidian":4,"minecraft:white_wool":10,"minecraft:cobblestone":55,"minecraft:stripped_oak_log":2,"minecraft:birch_log":35,"minecraft:leather_chestplate":3,"minecraft:tripwire_hook":8,"minecraft:leather":6,"minecraft:potato":32,"minecraft:birch_planks":29,"minecraft:mushroom_stew":5,"minecraft:flint":30,"minecraft:oak_log":15,"minecraft:chainmail_chestplate":6,"minecraft:mangrove_slab":2,"minecraft:dirt":55,"minecraft:white_banner":9,"minecraft:cooked_mutton":32,"minecraft:bone":23,"minecraft:apple":58,"minecraft:bell":3,"minecraft:stone_pickaxe":13,"minecraft:iron_ingot":94,"minecraft:oak_planks":38,"minecraft:iron_sword":7,"minecraft:dark_oak_stairs":1,"minecraft:book":207,"minecraft:oak_slab":2,"minecraft:dark_oak_slab":3,"minecraft:birch_boat":1,"minecraft:stone_brick_slab":2,"minecraft:dandelion":2,"minecraft:red_banner":1,"minecraft:blast_furnace":2,"minecraft:nether_brick_slab":3,"minecraft:dark_oak_log":29,"minecraft:leather_helmet":4,"minecraft:dark_prismarine":28,"travelersbackpack:white_sleeping_bag":5,"minecraft:stone_axe":6,"minecraft:chainmail_leggings":4,"minecraft:crossbow":10,"minecraft:golden_apple":7,"minecraft:bread":391,"biomesoplenty:pink_daffodil":1,"minecraft:damaged_anvil":3,"minecraft:black_wool":3,"minecraft:stripped_dark_oak_log":4,"minecraft:coal":127}},"DataVersion":3465}