{"stats":{"minecraft:crafted":{"minecraft:oak_planks":24,"minecraft:crafting_table":2,"minecraft:stick":8,"minecraft:wooden_pickaxe":1,"minecraft:stone_pickaxe":1,"minecraft:furnace":1,"minecraft:dark_oak_planks":4,"minecraft:birch_planks":28,"minecraft:stone_axe":1,"minecraft:cooked_mutton":1},"minecraft:killed":{"minecraft:sheep":1,"minecraft:zombie":3,"alexsmobs:raccoon":2,"alexsmobs:fly":1},"minecraft:custom":{"minecraft:time_since_rest":872,"minecraft:interact_with_furnace":3,"minecraft:sprint_one_cm":46555,"minecraft:damage_taken":486,"minecraft:walk_one_cm":100821,"minecraft:mob_kills":8,"minecraft:damage_dealt":1086,"minecraft:interact_with_crafting_table":8,"minecraft:fly_one_cm":547176,"minecraft:open_chest":5,"minecraft:crouch_one_cm":12153,"minecraft:play_time":64213,"minecraft:deaths":2,"minecraft:sneak_time":4520,"minecraft:aviate_one_cm":496491,"minecraft:jump":544,"minecraft:leave_game":10,"minecraft:time_since_death":845,"minecraft:total_world_time":64213,"minecraft:climb_one_cm":950,"minecraft:fall_one_cm":13269},"minecraft:used":{"minecraft:cooked_mutton":1,"minecraft:firework_rocket":69,"minecraft:grass_block":2,"minecraft:stone_pickaxe":17,"minecraft:elytra":1,"minecraft:wooden_pickaxe":7,"minecraft:stone_axe":20,"minecraft:dirt":33,"minecraft:crafting_table":4,"minecraft:furnace":1,"alexsmobs:animal_dictionary":1,"minecraft:egg":1,"minecraft:obsidian":2},"minecraft:mined":{"minecraft:dark_oak_leaves":8,"minecraft:birch_log":10,"minecraft:fire":16,"biomesoplenty:pink_daffodil":1,"minecraft:dark_oak_log":1,"minecraft:birch_leaves":1,"minecraft:crafting_table":3,"minecraft:grass":2,"minecraft:grass_block":39,"minecraft:oak_log":6,"biomesoplenty:high_grass":1,"minecraft:dirt":12,"biomesoplenty:high_grass_plant":2,"minecraft:copper_ore":1,"minecraft:stone":19},"minecraft:picked_up":{"minecraft:birch_log":10,"minecraft:crafting_table":3,"minecraft:oak_log":6,"minecraft:dark_oak_log":1,"minecraft:dirt":48,"minecraft:raw_copper":5,"minecraft:rotten_flesh":2,"alexsmobs:raccoon_tail":1,"biomesoplenty:pink_daffodil":1,"minecraft:mutton":1,"minecraft:white_wool":1,"minecraft:cobblestone":20,"minecraft:egg":2}},"DataVersion":3465}