{"stats":{"minecraft:crafted":{"minecraft:oak_planks":24,"minecraft:dark_oak_planks":4,"minecraft:crafting_table":2,"minecraft:stick":4,"minecraft:wooden_pickaxe":1},"minecraft:custom":{"minecraft:time_since_rest":47626,"minecraft:open_chest":5,"minecraft:crouch_one_cm":8549,"minecraft:play_time":52434,"minecraft:sprint_one_cm":33735,"minecraft:damage_taken":306,"minecraft:deaths":1,"minecraft:walk_one_cm":39931,"minecraft:sneak_time":3304,"minecraft:mob_kills":1,"minecraft:aviate_one_cm":496491,"minecraft:jump":343,"minecraft:damage_dealt":86,"minecraft:leave_game":9,"minecraft:time_since_death":47593,"minecraft:climb_one_cm":950,"minecraft:total_world_time":52434,"minecraft:interact_with_crafting_table":2,"minecraft:fall_one_cm":6897,"minecraft:fly_one_cm":528560},"minecraft:used":{"minecraft:dirt":30,"minecraft:firework_rocket":69,"minecraft:crafting_table":2,"minecraft:grass_block":2,"minecraft:elytra":1,"alexsmobs:animal_dictionary":1,"minecraft:obsidian":2},"minecraft:picked_up":{"minecraft:crafting_table":2,"minecraft:oak_log":6,"biomesoplenty:pink_daffodil":1,"minecraft:dark_oak_log":1,"minecraft:dirt":30},"minecraft:mined":{"minecraft:oak_log":6,"minecraft:grass":1,"biomesoplenty:high_grass":1,"minecraft:grass_block":30,"minecraft:dark_oak_leaves":8,"biomesoplenty:high_grass_plant":2,"minecraft:fire":16,"biomesoplenty:pink_daffodil":1,"minecraft:dark_oak_log":1,"minecraft:birch_leaves":1,"minecraft:crafting_table":2}},"DataVersion":3465}