{
  "alexsmobs:alexsmobs/root": {
    "criteria": {
      "useitem": "2024-09-24 14:49:35 +0000"
    },
    "done": true
  },
  "minecraft:recipes/decorations/crafting_table": {
    "criteria": {
      "unlock_right_away": "2024-09-24 14:48:01 +0000"
    },
    "done": true
  },
  "minecraft:husbandry/root": {
    "criteria": {
      "consumed_item": "2024-09-24 14:49:35 +0000"
    },
    "done": true
  },
  "dungeons_arise:wda_root": {
    "criteria": {
      "WDA": "2024-09-24 14:48:01 +0000"
    },
    "done": true
  },
  "minecraft:adventure/adventuring_time": {
    "criteria": {
      "minecraft:beach": "2024-09-24 14:48:06 +0000",
      "minecraft:dark_forest": "2024-09-24 14:48:02 +0000",
      "minecraft:old_growth_birch_forest": "2024-09-24 14:49:37 +0000"
    },
    "done": false
  },
  "DataVersion": 3465
}